{"cameraMode":{"drawMode":0,"name":"Shaded","section":"Shading Mode"},"sceneLighting":true,"audioPlay":false,"sceneViewState":{"m_AlwaysRefresh":false,"showFog":true,"showSkybox":true,"showFlares":true,"showImageEffects":true,"showParticleSystems":true,"showVisualEffectGraphs":true,"m_FxEnabled":true},"in2DMode":false,"pivot":{"x":4.258434772491455,"y":0.9483637809753418,"z":-4.692573547363281},"rotation":{"x":-0.17545555531978608,"y":-0.018303271383047105,"z":0.0032604802399873735,"w":-0.984317421913147},"size":8.440134048461914,"orthographic":false}