{"cameraMode":{"drawMode":0,"name":"Shaded","section":"Shading Mode"},"sceneLighting":true,"audioPlay":false,"sceneViewState":{"m_AlwaysRefresh":false,"showFog":true,"showSkybox":true,"showFlares":true,"showImageEffects":true,"showParticleSystems":true,"showVisualEffectGraphs":true,"m_FxEnabled":true},"in2DMode":false,"pivot":{"x":-2.659578561782837,"y":5.105501651763916,"z":-3.634204387664795},"rotation":{"x":0.08180597424507141,"y":0.004485087003558874,"z":-0.00036760230432264507,"w":0.9966421127319336},"size":6.317874908447266,"orthographic":false}