{"cameraMode":{"drawMode":0,"name":"Shaded","section":"Shading Mode"},"sceneLighting":true,"audioPlay":false,"sceneViewState":{"m_AlwaysRefresh":false,"showFog":true,"showSkybox":true,"showFlares":true,"showImageEffects":true,"showParticleSystems":true,"showVisualEffectGraphs":true,"m_FxEnabled":true},"in2DMode":false,"pivot":{"x":-7.476572036743164,"y":1.2984364032745362,"z":-4.00039005279541},"rotation":{"x":-0.16956232488155366,"y":0.012719417922198773,"z":-0.002197796478867531,"w":-0.9854474067687988},"size":8.979321479797364,"orthographic":false}