{"cameraMode":{"drawMode":0,"name":"Shaded","section":"Shading Mode"},"sceneLighting":true,"audioPlay":false,"sceneViewState":{"m_AlwaysRefresh":false,"showFog":true,"showSkybox":true,"showFlares":true,"showImageEffects":true,"showParticleSystems":true,"showVisualEffectGraphs":true,"m_FxEnabled":true},"in2DMode":false,"pivot":{"x":9.866689682006836,"y":10.614066123962403,"z":-3.4881067276000978},"rotation":{"x":-0.20017485320568086,"y":0.35852283239364626,"z":-0.07901391386985779,"w":-0.9083966016769409},"size":4.9257707595825199,"orthographic":false}