{"cameraMode":{"drawMode":0,"name":"Shaded","section":"Shading Mode"},"sceneLighting":true,"audioPlay":false,"sceneViewState":{"m_AlwaysRefresh":false,"showFog":true,"showSkybox":true,"showFlares":true,"showImageEffects":true,"showParticleSystems":true,"showVisualEffectGraphs":true,"m_FxEnabled":true},"in2DMode":false,"pivot":{"x":186.00762939453126,"y":172.83370971679688,"z":460.4031982421875},"rotation":{"x":-0.16956232488155366,"y":0.012719417922198773,"z":-0.002197796478867531,"w":-0.9854474067687988},"size":577.5067749023438,"orthographic":false}