{"cameraMode":{"drawMode":0,"name":"Shaded","section":"Shading Mode"},"sceneLighting":true,"audioPlay":false,"sceneViewState":{"m_AlwaysRefresh":false,"showFog":true,"showSkybox":true,"showFlares":true,"showImageEffects":true,"showParticleSystems":true,"showVisualEffectGraphs":true,"m_FxEnabled":true},"in2DMode":false,"pivot":{"x":326.0474853515625,"y":205.93478393554688,"z":-138.33587646484376},"rotation":{"x":-0.16957564651966096,"y":-0.005016256123781204,"z":0.0008539919508621097,"w":-0.9855247139930725},"size":345.6402893066406,"orthographic":false}