{"cameraMode":{"drawMode":0,"name":"Shaded","section":"Shading Mode"},"sceneLighting":true,"audioPlay":false,"sceneViewState":{"m_AlwaysRefresh":false,"showFog":true,"showSkybox":true,"showFlares":true,"showImageEffects":true,"showParticleSystems":true,"showVisualEffectGraphs":true,"m_FxEnabled":true},"in2DMode":false,"pivot":{"x":2.0106210708618166,"y":-3.0303401947021486,"z":-2.8292360305786135},"rotation":{"x":0.4194715619087219,"y":-0.31973958015441897,"z":0.16077016294002534,"w":0.8342440724372864},"size":8.412588119506836,"orthographic":false}