{"cameraMode":{"drawMode":0,"name":"Shaded","section":"Shading Mode"},"sceneLighting":true,"audioPlay":false,"sceneViewState":{"m_AlwaysRefresh":false,"showFog":true,"showSkybox":true,"showFlares":true,"showImageEffects":true,"showParticleSystems":true,"showVisualEffectGraphs":true,"m_FxEnabled":true},"in2DMode":false,"pivot":{"x":215.30926513671876,"y":286.47430419921877,"z":78.23501586914063},"rotation":{"x":-0.16956232488155366,"y":0.012719417922198773,"z":-0.002197796478867531,"w":-0.9854474067687988},"size":304.2789611816406,"orthographic":false}