{"cameraMode":{"drawMode":0,"name":"Shaded","section":"Shading Mode"},"sceneLighting":true,"audioPlay":false,"sceneViewState":{"m_AlwaysRefresh":false,"showFog":true,"showSkybox":true,"showFlares":true,"showImageEffects":true,"showParticleSystems":true,"showVisualEffectGraphs":true,"m_FxEnabled":true},"in2DMode":false,"pivot":{"x":1.2248921394348145,"y":-0.12938451766967774,"z":0.6582350730895996},"rotation":{"x":0.23987416923046113,"y":-0.337819367647171,"z":0.08946948498487473,"w":0.9057270288467407},"size":10.198448181152344,"orthographic":false}