{"cameraMode":{"drawMode":0,"name":"Shaded","section":"Shading Mode"},"sceneLighting":false,"audioPlay":false,"sceneViewState":{"m_AlwaysRefresh":false,"showFog":true,"showSkybox":false,"showFlares":true,"showImageEffects":true,"showParticleSystems":true,"showVisualEffectGraphs":true,"m_FxEnabled":true},"in2DMode":false,"pivot":{"x":259.9458923339844,"y":433.2040100097656,"z":-8.564971923828125},"rotation":{"x":-0.05936308577656746,"y":-0.005082943011075258,"z":0.0002933618670795113,"w":-0.9982383251190186},"size":178.05081176757813,"orthographic":false}