{"cameraMode":{"drawMode":0,"name":"Shaded","section":"Shading Mode"},"sceneLighting":false,"audioPlay":false,"sceneViewState":{"m_AlwaysRefresh":false,"showFog":true,"showSkybox":false,"showFlares":true,"showImageEffects":true,"showParticleSystems":true,"showVisualEffectGraphs":true,"m_FxEnabled":true},"in2DMode":false,"pivot":{"x":-6.884079933166504,"y":1.5247761011123658,"z":-5.061907768249512},"rotation":{"x":0.18433347344398499,"y":-0.0073715089820325378,"z":0.0013840923784300686,"w":0.9828407764434815},"size":2.4777278900146486,"orthographic":false}